Fund Name,P1,P2,P3,P4,P5,Score,Rank
M1,0.63,0.4,5.1,69.2,18.83,0.6249831262717126,1
M2,0.7,0.49,6.8,64.2,18.05,0.5733125050766009,3
M3,0.71,0.5,4.4,34.4,10.0,0.5147645602809334,4
M4,0.91,0.83,3.4,65.4,17.64,0.4766895446285509,6
M5,0.89,0.79,4.8,37.8,11.07,0.3903436043035652,8
M6,0.84,0.71,3.9,34.1,9.89,0.42010657382046696,7
M7,0.69,0.48,5.2,62.4,17.19,0.6077187500471868,2
M8,0.62,0.38,6.7,32.5,10.05,0.51456462572516,5
